"","SID","Age","Sex","Experimenter","Entered.by","Language","Exclude","Exclude_reason","Knower_level","Counterbalance","Condition","Task","Trial_number","Task_item","Response","Correct","Counting.Number.language","Notes","CP_subset","Numerosity"
"1","100519-E2",3.244353183,"F","LAK","LAK","English",0,"","CP","B","SHARING","Set-matching","1",4,"5","0","0","","CP","Small"
"2","100519-E2",3.244353183,"F","LAK","LAK","English",0,"","CP","B","SHARING","Set-matching","2",3,"3","1","0","","CP","Small"
"3","100519-E2",3.244353183,"F","LAK","LAK","English",0,"","CP","B","SHARING","Set-matching","3",8,"8","1","0","","CP","Large"
"4","100519-E2",3.244353183,"F","LAK","LAK","English",0,"","CP","B","SHARING","Set-matching","4",6,"8","0","0","","CP","Large"
"5","100519-E2",3.244353183,"F","LAK","LAK","English",0,"","CP","B","SHARING","Set-matching","5",10,"11","0","0","","CP","Large"
"6","100619-G",4.210814511,"M","LAK","LAK","English",0,"","CP","B","SHARING","Set-matching","1",4,"5","0","0","","CP","Small"
"7","100619-G",4.210814511,"M","LAK","LAK","English",0,"","CP","B","SHARING","Set-matching","2",3,"3","1","0","","CP","Small"
"8","100619-G",4.210814511,"M","LAK","LAK","English",0,"","CP","B","SHARING","Set-matching","3",8,"8","1","0","","CP","Large"
"9","100619-G",4.210814511,"M","LAK","LAK","English",0,"","CP","B","SHARING","Set-matching","4",6,"6","1","0","","CP","Large"
"10","100619-G",4.210814511,"M","LAK","LAK","English",0,"","CP","B","SHARING","Set-matching","5",10,"10","1","0","","CP","Large"
"11","100619-LY",3.151266256,"M","LAK","LAK","English",0,"","2","A","SHARING","Set-matching","1",3,"3","1","0","","Subset","Small"
"12","100619-LY",3.151266256,"M","LAK","LAK","English",0,"","2","A","SHARING","Set-matching","2",4,"7","0","0","","Subset","Small"
"13","100619-LY",3.151266256,"M","LAK","LAK","English",0,"","2","A","SHARING","Set-matching","3",10,"15","0","0","","Subset","Large"
"14","100619-LY",3.151266256,"M","LAK","LAK","English",0,"","2","A","SHARING","Set-matching","4",6,"13","0","0","","Subset","Large"
"15","100619-LY",3.151266256,"M","LAK","LAK","English",0,"","2","A","SHARING","Set-matching","5",8,"15","0","0","","Subset","Large"
"16","100619-J",3.646817248,"M","LAK","LAK","English",0,"","3","B","SHARING","Set-matching","1",4,"6","0","0","","Subset","Small"
"17","100619-J",3.646817248,"M","LAK","LAK","English",0,"","3","B","SHARING","Set-matching","2",3,"3","1","0","","Subset","Small"
"18","100619-J",3.646817248,"M","LAK","LAK","English",0,"","3","B","SHARING","Set-matching","3",8,"13","0","1","","Subset","Large"
"19","100619-J",3.646817248,"M","LAK","LAK","English",0,"","3","B","SHARING","Set-matching","4",6,"10","0","1","","Subset","Large"
"20","100619-J",3.646817248,"M","LAK","LAK","English",0,"","3","B","SHARING","Set-matching","5",10,"15","0","0","","Subset","Large"
"21","100619-EV",3.290896646,"F","LAK","LAK","English",0,"","CP","A","SHARING","Set-matching","1",3,"3","1","0","","CP","Small"
"22","100619-EV",3.290896646,"F","LAK","LAK","English",0,"","CP","A","SHARING","Set-matching","2",4,"4","1","0","","CP","Small"
"23","100619-EV",3.290896646,"F","LAK","LAK","English",0,"","CP","A","SHARING","Set-matching","3",10,"8","0","0","","CP","Large"
"24","100619-EV",3.290896646,"F","LAK","LAK","English",0,"","CP","A","SHARING","Set-matching","4",6,"6","1","1","","CP","Large"
"25","100619-EV",3.290896646,"F","LAK","LAK","English",0,"","CP","A","SHARING","Set-matching","5",8,"7","0","0","","CP","Large"
"26","101419-AR",4.629705681,"F","AMB","AMB","English",0,"","CP","A","SHARING","Set-matching","1",3,"3","1","0","","CP","Small"
"27","101419-AR",4.629705681,"F","AMB","AMB","English",0,"","CP","A","SHARING","Set-matching","2",4,"4","1","0","","CP","Small"
"28","101419-AR",4.629705681,"F","AMB","AMB","English",0,"","CP","A","SHARING","Set-matching","3",10,"11","0","0","","CP","Large"
"29","101419-AR",4.629705681,"F","AMB","AMB","English",0,"","CP","A","SHARING","Set-matching","4",6,"10","0","0","","CP","Large"
"30","101419-AR",4.629705681,"F","AMB","AMB","English",0,"","CP","A","SHARING","Set-matching","5",8,"11","0","0","","CP","Large"
"31","101419-CP",3.575633128,"M","AMB","AMB","English",0,"","1","A","SHARING","Set-matching","1",3,"2","0","0","","Subset","Small"
"32","101419-CP",3.575633128,"M","AMB","AMB","English",0,"","1","A","SHARING","Set-matching","2",4,"2","0","0","","Subset","Small"
"33","101419-CP",3.575633128,"M","AMB","AMB","English",0,"","1","A","SHARING","Set-matching","3",10,"2","0","0","","Subset","Large"
"34","101419-CP",3.575633128,"M","AMB","AMB","English",0,"","1","A","SHARING","Set-matching","4",6,"2","0","0","","Subset","Large"
"35","101419-CP",3.575633128,"M","AMB","AMB","English",0,"","1","A","SHARING","Set-matching","5",8,"2","0","0","","Subset","Large"
"36","101919-MW",3.93155373,"F","LAK","LAK","English",0,"","CP","B","SHARING","Set-matching","1",4,"4","1","1","","CP","Small"
"37","101919-MW",3.93155373,"F","LAK","LAK","English",0,"","CP","B","SHARING","Set-matching","2",3,"4","0","1","","CP","Small"
"38","101919-MW",3.93155373,"F","LAK","LAK","English",0,"","CP","B","SHARING","Set-matching","3",8,"10","0","1","","CP","Large"
"39","101919-MW",3.93155373,"F","LAK","LAK","English",0,"","CP","B","SHARING","Set-matching","4",6,"12","0","1","","CP","Large"
"40","101919-MW",3.93155373,"F","LAK","LAK","English",0,"","CP","B","SHARING","Set-matching","5",10,"13","0","1","","CP","Large"
"41","101919-MN",3.882272416,"F","LAK","LAK","English",0,"","CP","A","SHARING","Set-matching","1",3,"4","0","0","","CP","Small"
"42","101919-MN",3.882272416,"F","LAK","LAK","English",0,"","CP","A","SHARING","Set-matching","2",4,"5","0","0","","CP","Small"
"43","101919-MN",3.882272416,"F","LAK","LAK","English",0,"","CP","A","SHARING","Set-matching","3",10,"10","1","0","","CP","Large"
"44","101919-MN",3.882272416,"F","LAK","LAK","English",0,"","CP","A","SHARING","Set-matching","4",6,"8","0","0","","CP","Large"
"45","101919-MN",3.882272416,"F","LAK","LAK","English",0,"","CP","A","SHARING","Set-matching","5",8,"9","0","1","","CP","Large"
"46","101919-E",4.97467488,"F","LAK","LAK","English",0,"","CP","B","SHARING","Set-matching","1",4,"4","1","0","","CP","Small"
"47","101919-E",4.97467488,"F","LAK","LAK","English",0,"","CP","B","SHARING","Set-matching","2",3,"3","1","0","","CP","Small"
"48","101919-E",4.97467488,"F","LAK","LAK","English",0,"","CP","B","SHARING","Set-matching","3",8,"8","1","0","","CP","Large"
"49","101919-E",4.97467488,"F","LAK","LAK","English",0,"","CP","B","SHARING","Set-matching","4",6,"6","1","0","","CP","Large"
"50","101919-E",4.97467488,"F","LAK","LAK","English",0,"","CP","B","SHARING","Set-matching","5",10,"10","1","0","","CP","Large"
"51","101919-I",4.728268309,"F","LAK","LAK","English",0,"","CP","B","SHARING","Set-matching","1",4,"4","1","0","","CP","Small"
"52","101919-I",4.728268309,"F","LAK","LAK","English",0,"","CP","B","SHARING","Set-matching","2",3,"3","1","0","","CP","Small"
"53","101919-I",4.728268309,"F","LAK","LAK","English",0,"","CP","B","SHARING","Set-matching","3",8,"8","1","0","","CP","Large"
"54","101919-I",4.728268309,"F","LAK","LAK","English",0,"","CP","B","SHARING","Set-matching","4",6,"6","1","0","","CP","Large"
"55","101919-I",4.728268309,"F","LAK","LAK","English",0,"","CP","B","SHARING","Set-matching","5",10,"10","1","1","","CP","Large"
"56","101919-SL",4.553045859,"M","LAK","LAK","English",0,"","4","A","SHARING","Set-matching","1",3,"4","0","0","","Subset","Small"
"57","101919-SL",4.553045859,"M","LAK","LAK","English",0,"","4","A","SHARING","Set-matching","2",4,"5","0","0","","Subset","Small"
"58","101919-SL",4.553045859,"M","LAK","LAK","English",0,"","4","A","SHARING","Set-matching","3",10,"12","0","0","","Subset","Large"
"59","101919-SL",4.553045859,"M","LAK","LAK","English",0,"","4","A","SHARING","Set-matching","4",6,"10","0","0","","Subset","Large"
"60","101919-SL",4.553045859,"M","LAK","LAK","English",0,"","4","A","SHARING","Set-matching","5",8,"3","0","0","","Subset","Large"
"61","102719-E",4.399726215,"F","OM","OM","English",0,"","CP","B","SHARING","Set-matching","1",4,"5","0","0","","CP","Small"
"62","102719-E",4.399726215,"F","OM","OM","English",0,"","CP","B","SHARING","Set-matching","2",3,"3","1","0","","CP","Small"
"63","102719-E",4.399726215,"F","OM","OM","English",0,"","CP","B","SHARING","Set-matching","3",8,"8","1","0","","CP","Large"
"64","102719-E",4.399726215,"F","OM","OM","English",0,"","CP","B","SHARING","Set-matching","4",6,"8","0","0","","CP","Large"
"65","102719-E",4.399726215,"F","OM","OM","English",0,"","CP","B","SHARING","Set-matching","5",10,"10","1","0","","CP","Large"
"66","110219-LC",3.403148528,"M","EL","EL","English",0,"","CP","A","SHARING","Set-matching","1",3,"3","1","0","","CP","Small"
"67","110219-LC",3.403148528,"M","EL","EL","English",0,"","CP","A","SHARING","Set-matching","2",4,"4","1","0","","CP","Small"
"68","110219-LC",3.403148528,"M","EL","EL","English",0,"","CP","A","SHARING","Set-matching","3",10,"11","0","0","","CP","Large"
"69","110219-LC",3.403148528,"M","EL","EL","English",0,"","CP","A","SHARING","Set-matching","4",6,"6","1","0","","CP","Large"
"70","110219-LC",3.403148528,"M","EL","EL","English",0,"","CP","A","SHARING","Set-matching","5",8,"12","0","0","","CP","Large"
"71","110219-KS",4.309377139,"M","EL","EL","English",0,"","4","A","SHARING","Set-matching","1",3,"3","1","0","","Subset","Small"
"72","110219-KS",4.309377139,"M","EL","EL","English",0,"","4","A","SHARING","Set-matching","2",4,"5","0","0","","Subset","Small"
"73","110219-KS",4.309377139,"M","EL","EL","English",0,"","4","A","SHARING","Set-matching","3",10,"11","0","0","","Subset","Large"
"74","110219-KS",4.309377139,"M","EL","EL","English",0,"","4","A","SHARING","Set-matching","4",6,"8","0","0","","Subset","Large"
"75","110219-KS",4.309377139,"M","EL","EL","English",0,"","4","A","SHARING","Set-matching","5",8,"14","0","0","","Subset","Large"
"76","110219-MH",4.859685147,"F","EL","EL","English",0,"","CP","A","SHARING","Set-matching","1",3,"3","1","0","","CP","Small"
"77","110219-MH",4.859685147,"F","EL","EL","English",0,"","CP","A","SHARING","Set-matching","2",4,"4","1","0","","CP","Small"
"78","110219-MH",4.859685147,"F","EL","EL","English",0,"","CP","A","SHARING","Set-matching","3",10,"8","0","0","","CP","Large"
"79","110219-MH",4.859685147,"F","EL","EL","English",0,"","CP","A","SHARING","Set-matching","4",6,"5","0","0","","CP","Large"
"80","110219-MH",4.859685147,"F","EL","EL","English",0,"","CP","A","SHARING","Set-matching","5",8,"6","0","0","","CP","Large"
"81","110319-A",3.427789185,"M","OM","OM","English",0,"","3","A","SHARING","Set-matching","1",3,"3","1","0","","Subset","Small"
"82","110319-A",3.427789185,"M","OM","OM","English",0,"","3","A","SHARING","Set-matching","2",4,"4","1","0","","Subset","Small"
"83","110319-A",3.427789185,"M","OM","OM","English",0,"","3","A","SHARING","Set-matching","3",10,"14","0","0","","Subset","Large"
"84","110319-A",3.427789185,"M","OM","OM","English",0,"","3","A","SHARING","Set-matching","4",6,"10","0","0","","Subset","Large"
"85","110319-A",3.427789185,"M","OM","OM","English",0,"","3","A","SHARING","Set-matching","5",8,"12","0","0","","Subset","Large"
"86","110219-ZL",4.325804244,"F","EL","EL","English",0,"","CP","B","SHARING","Set-matching","1",4,"5","0","0","","CP","Small"
"87","110219-ZL",4.325804244,"F","EL","EL","English",0,"","CP","B","SHARING","Set-matching","2",3,"3","1","0","","CP","Small"
"88","110219-ZL",4.325804244,"F","EL","EL","English",0,"","CP","B","SHARING","Set-matching","3",8,"11","0","0","","CP","Large"
"89","110219-ZL",4.325804244,"F","EL","EL","English",0,"","CP","B","SHARING","Set-matching","4",6,"8","0","0","","CP","Large"
"90","110219-ZL",4.325804244,"F","EL","EL","English",0,"","CP","B","SHARING","Set-matching","5",10,"10","1","0","","CP","Large"
"91","111019-L",4.358658453,"M","OM","OM","English",0,"","4","A","SHARING","Set-matching","1",3,"3","1","0","","Subset","Small"
"92","111019-L",4.358658453,"M","OM","OM","English",0,"","4","A","SHARING","Set-matching","2",4,"5","0","0","","Subset","Small"
"93","111019-L",4.358658453,"M","OM","OM","English",0,"","4","A","SHARING","Set-matching","3",10,"13","0","0","","Subset","Large"
"94","111019-L",4.358658453,"M","OM","OM","English",0,"","4","A","SHARING","Set-matching","4",6,"13","0","0","","Subset","Large"
"95","111019-L",4.358658453,"M","OM","OM","English",0,"","4","A","SHARING","Set-matching","5",8,"13","0","0","","Subset","Large"
"96","111019-M",4.501026694,"F","OM","OM","English",0,"","CP","B","SHARING","Set-matching","1",4,"4","1","0","","CP","Small"
"97","111019-M",4.501026694,"F","OM","OM","English",0,"","CP","B","SHARING","Set-matching","2",3,"4","0","0","","CP","Small"
"98","111019-M",4.501026694,"F","OM","OM","English",0,"","CP","B","SHARING","Set-matching","3",8,"13","0","0","","CP","Large"
"99","111019-M",4.501026694,"F","OM","OM","English",0,"","CP","B","SHARING","Set-matching","4",6,"9","0","0","","CP","Large"
"100","111019-M",4.501026694,"F","OM","OM","English",0,"","CP","B","SHARING","Set-matching","5",10,"13","0","0","","CP","Large"
"101","111019-C",3.197809719,"F","OM","OM","English",0,"","CP","A","SHARING","Set-matching","1",3,"3","1","0","","CP","Small"
"102","111019-C",3.197809719,"F","OM","OM","English",0,"","CP","A","SHARING","Set-matching","2",4,"4","1","0","","CP","Small"
"103","111019-C",3.197809719,"F","OM","OM","English",0,"","CP","A","SHARING","Set-matching","3",10,"13","0","0","","CP","Large"
"104","111019-C",3.197809719,"F","OM","OM","English",0,"","CP","A","SHARING","Set-matching","4",6,"13","0","0","","CP","Large"
"105","111019-C",3.197809719,"F","OM","OM","English",0,"","CP","A","SHARING","Set-matching","5",8,"13","0","0","","CP","Large"
"106","112219-D",4.928131417,"M","AY","RMS","English",0,"","CP","A","SHARING","Set-matching","1",3,"3","1","0","","CP","Small"
"107","112219-D",4.928131417,"M","AY","RMS","English",0,"","CP","A","SHARING","Set-matching","2",4,"4","1","0","","CP","Small"
"108","112219-D",4.928131417,"M","AY","RMS","English",0,"","CP","A","SHARING","Set-matching","3",10,"9","0","0","","CP","Large"
"109","112219-D",4.928131417,"M","AY","RMS","English",0,"","CP","A","SHARING","Set-matching","4",6,"6","1","0","","CP","Large"
"110","112219-D",4.928131417,"M","AY","RMS","English",0,"","CP","A","SHARING","Set-matching","5",8,"3","0","0","Distracted","CP","Large"
"111","112219-F",4.358658453,"M","AY","RMS","English",0,"","2","A","SHARING","Set-matching","1",3,"3","1","0","","Subset","Small"
"112","112219-F",4.358658453,"M","AY","RMS","English",0,"","2","A","SHARING","Set-matching","2",4,"4","1","0","","Subset","Small"
"113","112219-F",4.358658453,"M","AY","RMS","English",0,"","2","A","SHARING","Set-matching","3",10,"10","1","0","","Subset","Large"
"114","112219-F",4.358658453,"M","AY","RMS","English",0,"","2","A","SHARING","Set-matching","4",6,"6","1","0","","Subset","Large"
"115","112219-F",4.358658453,"M","AY","RMS","English",0,"","2","A","SHARING","Set-matching","5",8,"8","1","0","","Subset","Large"
"116","112219-L",4.167008898,"M","AY","RMS","English",0,"","3","B","SHARING","Set-matching","1",4,"3","0","0","","Subset","Small"
"117","112219-L",4.167008898,"M","AY","RMS","English",0,"","3","B","SHARING","Set-matching","2",3,"5","0","0","","Subset","Small"
"118","112219-L",4.167008898,"M","AY","RMS","English",0,"","3","B","SHARING","Set-matching","3",8,"9","0","0","","Subset","Large"
"119","112219-L",4.167008898,"M","AY","RMS","English",0,"","3","B","SHARING","Set-matching","4",6,"7","0","0","","Subset","Large"
"120","112219-L",4.167008898,"M","AY","RMS","English",0,"","3","B","SHARING","Set-matching","5",10,"9","0","1","some kind of counting, but not numbers","Subset","Large"
"121","112219-E",4.613278576,"M","AY","RMS","English",0,"","CP","A","SHARING","Set-matching","1",3,"3","1","0","","CP","Small"
"122","112219-E",4.613278576,"M","AY","RMS","English",0,"","CP","A","SHARING","Set-matching","2",4,"4","1","0","","CP","Small"
"123","112219-E",4.613278576,"M","AY","RMS","English",0,"","CP","A","SHARING","Set-matching","3",10,"10","1","0","","CP","Large"
"124","112219-E",4.613278576,"M","AY","RMS","English",0,"","CP","A","SHARING","Set-matching","4",6,"6","1","0","","CP","Large"
"125","112219-E",4.613278576,"M","AY","RMS","English",0,"","CP","A","SHARING","Set-matching","5",8,"10","0","0","","CP","Large"
"126","112319-NM",3.707049966,"F","AY","AY","English",0,"","CP","B","SHARING","Set-matching","1",4,"2","0","0","","CP","Small"
"127","112319-NM",3.707049966,"F","AY","AY","English",0,"","CP","B","SHARING","Set-matching","2",3,"2","0","0","","CP","Small"
"128","112319-NM",3.707049966,"F","AY","AY","English",0,"","CP","B","SHARING","Set-matching","3",8,"5","0","0","","CP","Large"
"129","112319-NM",3.707049966,"F","AY","AY","English",0,"","CP","B","SHARING","Set-matching","4",6,"6","1","0","","CP","Large"
"130","112319-NM",3.707049966,"F","AY","AY","English",0,"","CP","B","SHARING","Set-matching","5",10,"7","0","0","","CP","Large"
"131","112319-LM",3.707049966,"F","AY","AY","English",0,"","4","B","SHARING","Set-matching","1",4,"3","0","0","","Subset","Small"
"132","112319-LM",3.707049966,"F","AY","AY","English",0,"","4","B","SHARING","Set-matching","2",3,"3","1","0","","Subset","Small"
"133","112319-LM",3.707049966,"F","AY","AY","English",0,"","4","B","SHARING","Set-matching","3",8,"6","0","0","","Subset","Large"
"134","112319-LM",3.707049966,"F","AY","AY","English",0,"","4","B","SHARING","Set-matching","4",6,"7","0","0","","Subset","Large"
"135","112319-LM",3.707049966,"F","AY","AY","English",0,"","4","B","SHARING","Set-matching","5",10,"10","1","0","","Subset","Large"
"136","112319-A",4.971937029,"F","AY","AY","English",0,"","CP","B","SHARING","Set-matching","1",4,"4","1","0","","CP","Small"
"137","112319-A",4.971937029,"F","AY","AY","English",0,"","CP","B","SHARING","Set-matching","2",3,"4","0","0","","CP","Small"
"138","112319-A",4.971937029,"F","AY","AY","English",0,"","CP","B","SHARING","Set-matching","3",8,"5","0","0","","CP","Large"
"139","112319-A",4.971937029,"F","AY","AY","English",0,"","CP","B","SHARING","Set-matching","4",6,"8","0","0","","CP","Large"
"140","112319-A",4.971937029,"F","AY","AY","English",0,"","CP","B","SHARING","Set-matching","5",10,"10","1","0","","CP","Large"
"141","112319-LD",4.640657084,"M","AY","AY","English",0,"","CP","B","SHARING","Set-matching","1",4,"4","1","0","","CP","Small"
"142","112319-LD",4.640657084,"M","AY","AY","English",0,"","CP","B","SHARING","Set-matching","2",3,"3","1","0","","CP","Small"
"143","112319-LD",4.640657084,"M","AY","AY","English",0,"","CP","B","SHARING","Set-matching","3",8,"8","1","0","","CP","Large"
"144","112319-LD",4.640657084,"M","AY","AY","English",0,"","CP","B","SHARING","Set-matching","4",6,"6","1","0","","CP","Large"
"145","112319-LD",4.640657084,"M","AY","AY","English",0,"","CP","B","SHARING","Set-matching","5",10,"10","1","0","","CP","Large"
"146","112319-J",3.208761123,"M","AY","AY","English",0,"","2","A","SHARING","Set-matching","1",3,"1","0","0","","Subset","Small"
"147","112319-J",3.208761123,"M","AY","AY","English",0,"","2","A","SHARING","Set-matching","2",4,"3","0","0","","Subset","Small"
"148","112319-J",3.208761123,"M","AY","AY","English",0,"","2","A","SHARING","Set-matching","3",10,"2","0","0","","Subset","Large"
"149","112319-J",3.208761123,"M","AY","AY","English",0,"","2","A","SHARING","Set-matching","4",6,"3","0","0","","Subset","Large"
"150","112319-J",3.208761123,"M","AY","AY","English",0,"","2","A","SHARING","Set-matching","5",8,"4","0","0","","Subset","Large"
"151","112319-LW",3.422313484,"F","AY","AY","English",0,"","1","A","SHARING","Set-matching","1",3,"3","1","0","","Subset","Small"
"152","112319-LW",3.422313484,"F","AY","AY","English",0,"","1","A","SHARING","Set-matching","2",4,"4","1","1","","Subset","Small"
"153","112319-LW",3.422313484,"F","AY","AY","English",0,"","1","A","SHARING","Set-matching","3",10,"9","0","1","","Subset","Large"
"154","112319-LW",3.422313484,"F","AY","AY","English",0,"","1","A","SHARING","Set-matching","4",6,"8","0","1","","Subset","Large"
"155","112319-LW",3.422313484,"F","AY","AY","English",0,"","1","A","SHARING","Set-matching","5",8,"7","0","1","","Subset","Large"
"156","102619-NI",4.082135524,"F","EL","NS","English",0,"","CP","B","SHARING","Set-matching","1",4,"3","0","0","","CP","Small"
"157","102619-NI",4.082135524,"F","EL","NS","English",0,"","CP","B","SHARING","Set-matching","2",3,"3","1","0","","CP","Small"
"158","102619-NI",4.082135524,"F","EL","NS","English",0,"","CP","B","SHARING","Set-matching","3",8,"10","0","0","","CP","Large"
"159","102619-NI",4.082135524,"F","EL","NS","English",0,"","CP","B","SHARING","Set-matching","4",6,"9","0","0","","CP","Large"
"160","102619-NI",4.082135524,"F","EL","NS","English",0,"","CP","B","SHARING","Set-matching","5",10,"12","0","0","","CP","Large"
"161","112419-C",4.375085558,"F","OM","OM","English",0,"","CP","A","SHARING","Set-matching","1",3,"3","1","0","","CP","Small"
"162","112419-C",4.375085558,"F","OM","OM","English",0,"","CP","A","SHARING","Set-matching","2",4,"4","1","0","","CP","Small"
"163","112419-C",4.375085558,"F","OM","OM","English",0,"","CP","A","SHARING","Set-matching","3",10,"13","0","0","","CP","Large"
"164","112419-C",4.375085558,"F","OM","OM","English",0,"","CP","A","SHARING","Set-matching","4",6,"7","0","0","","CP","Large"
"165","112419-C",4.375085558,"F","OM","OM","English",0,"","CP","A","SHARING","Set-matching","5",8,"8","1","0","","CP","Large"
"166","112419-W",3.953456537,"F","OM","OM","English",0,"","CP","A","SHARING","Set-matching","1",3,"3","1","0","","CP","Small"
"167","112419-W",3.953456537,"F","OM","OM","English",0,"","CP","A","SHARING","Set-matching","2",4,"4","1","0","","CP","Small"
"168","112419-W",3.953456537,"F","OM","OM","English",0,"","CP","A","SHARING","Set-matching","3",10,"10","1","0","","CP","Large"
"169","112419-W",3.953456537,"F","OM","OM","English",0,"","CP","A","SHARING","Set-matching","4",6,"13","0","0","","CP","Large"
"170","112419-W",3.953456537,"F","OM","OM","English",0,"","CP","A","SHARING","Set-matching","5",8,"13","0","0","","CP","Large"
"171","113019-K",3.627652293,"M","LAK","LAK","English",0,"","CP","A","SHARING","Set-matching","1",3,"3","1","0","","CP","Small"
"172","113019-K",3.627652293,"M","LAK","LAK","English",0,"","CP","A","SHARING","Set-matching","2",4,"7","0","0","","CP","Small"
"173","113019-K",3.627652293,"M","LAK","LAK","English",0,"","CP","A","SHARING","Set-matching","3",10,"10","1","0","","CP","Large"
"174","113019-K",3.627652293,"M","LAK","LAK","English",0,"","CP","A","SHARING","Set-matching","4",6,"10","0","0","","CP","Large"
"175","113019-K",3.627652293,"M","LAK","LAK","English",0,"","CP","A","SHARING","Set-matching","5",8,"10","0","0","","CP","Large"
"176","113019-G",4.292950034,"M","LAK","LAK","English",0,"","CP","A","SHARING","Set-matching","1",3,"3","1","0","","CP","Small"
"177","113019-G",4.292950034,"M","LAK","LAK","English",0,"","CP","A","SHARING","Set-matching","2",4,"4","1","0","","CP","Small"
"178","113019-G",4.292950034,"M","LAK","LAK","English",0,"","CP","A","SHARING","Set-matching","3",10,"11","0","0","","CP","Large"
"179","113019-G",4.292950034,"M","LAK","LAK","English",0,"","CP","A","SHARING","Set-matching","4",6,"8","0","0","","CP","Large"
"180","113019-G",4.292950034,"M","LAK","LAK","English",0,"","CP","A","SHARING","Set-matching","5",8,"13","0","0","","CP","Large"
"181","113019-M",4.525667351,"F","LAK","LAK","English",0,"","3","B","SHARING","Set-matching","1",4,"4","1","0","","Subset","Small"
"182","113019-M",4.525667351,"F","LAK","LAK","English",0,"","3","B","SHARING","Set-matching","2",3,"4","0","1","","Subset","Small"
"183","113019-M",4.525667351,"F","LAK","LAK","English",0,"","3","B","SHARING","Set-matching","3",8,"10","0","0","","Subset","Large"
"184","113019-M",4.525667351,"F","LAK","LAK","English",0,"","3","B","SHARING","Set-matching","4",6,"6","1","0","","Subset","Large"
"185","113019-M",4.525667351,"F","LAK","LAK","English",0,"","3","B","SHARING","Set-matching","5",10,"10","1","1","","Subset","Large"
"186","113019-LK",5.059548255,"M","LAK","LAK","English",0,"","CP","A","SHARING","Set-matching","1",3,"3","1","0","","CP","Small"
"187","113019-LK",5.059548255,"M","LAK","LAK","English",0,"","CP","A","SHARING","Set-matching","2",4,"4","1","0","","CP","Small"
"188","113019-LK",5.059548255,"M","LAK","LAK","English",0,"","CP","A","SHARING","Set-matching","3",10,"11","0","0","","CP","Large"
"189","113019-LK",5.059548255,"M","LAK","LAK","English",0,"","CP","A","SHARING","Set-matching","4",6,"6","1","0","","CP","Large"
"190","113019-LK",5.059548255,"M","LAK","LAK","English",0,"","CP","A","SHARING","Set-matching","5",8,"6","0","0","","CP","Large"
"191","113019-S2",4.032854209,"F","LAK","LAK","English",0,"","5","B","SHARING","Set-matching","1",4,"5","0","0","","Subset","Small"
"192","113019-S2",4.032854209,"F","LAK","LAK","English",0,"","5","B","SHARING","Set-matching","2",3,"5","0","0","","Subset","Small"
"193","113019-S2",4.032854209,"F","LAK","LAK","English",0,"","5","B","SHARING","Set-matching","3",8,"11","0","0","","Subset","Large"
"194","113019-S2",4.032854209,"F","LAK","LAK","English",0,"","5","B","SHARING","Set-matching","4",6,"13","0","0","","Subset","Large"
"195","113019-S2",4.032854209,"F","LAK","LAK","English",0,"","5","B","SHARING","Set-matching","5",10,"11","0","0","","Subset","Large"
"196","113019-MD",4.388774812,"M","LAK","LAK","English",0,"","CP","A","SHARING","Set-matching","1",3,"3","1","0","","CP","Small"
"197","113019-MD",4.388774812,"M","LAK","LAK","English",0,"","CP","A","SHARING","Set-matching","2",4,"4","1","0","","CP","Small"
"198","113019-MD",4.388774812,"M","LAK","LAK","English",0,"","CP","A","SHARING","Set-matching","3",10,"8","0","0","","CP","Large"
"199","113019-MD",4.388774812,"M","LAK","LAK","English",0,"","CP","A","SHARING","Set-matching","4",6,"6","1","0","","CP","Large"
"200","113019-MD",4.388774812,"M","LAK","LAK","English",0,"","CP","A","SHARING","Set-matching","5",8,"8","1","0","","CP","Large"
"201","112119-LM",3.189596167,"F","AMB","AMB","English",0,"","2","A","SHARING","Set-matching","1",3,"2","0","0","","Subset","Small"
"202","112119-LM",3.189596167,"F","AMB","AMB","English",0,"","2","A","SHARING","Set-matching","2",4,"2","0","0","","Subset","Small"
"203","112119-LM",3.189596167,"F","AMB","AMB","English",0,"","2","A","SHARING","Set-matching","3",10,"6","0","0","","Subset","Large"
"204","112119-LM",3.189596167,"F","AMB","AMB","English",0,"","2","A","SHARING","Set-matching","4",6,"7","0","0","","Subset","Large"
"205","112119-LM",3.189596167,"F","AMB","AMB","English",0,"","2","A","SHARING","Set-matching","5",8,"11","0","0","","Subset","Large"
"206","112119-SK",4.59137577,"F","AMB","AMB","English",0,"","0","A","SHARING","Set-matching","1",3,"3","1","0","","Subset","Small"
"207","112119-SK",4.59137577,"F","AMB","AMB","English",0,"","0","A","SHARING","Set-matching","2",4,"4","1","0","","Subset","Small"
"208","112119-SK",4.59137577,"F","AMB","AMB","English",0,"","0","A","SHARING","Set-matching","3",10,"6","0","0","","Subset","Large"
"209","112119-SK",4.59137577,"F","AMB","AMB","English",0,"","0","A","SHARING","Set-matching","4",6,"8","0","0","","Subset","Large"
"210","112119-SK",4.59137577,"F","AMB","AMB","English",0,"","0","A","SHARING","Set-matching","5",8,"10","0","0","","Subset","Large"
"211","112119-ZM",3.3045859,"F","AMB","AMB","English",0,"","CP","A","SHARING","Set-matching","1",3,"12","0","0","","CP","Small"
"212","112119-ZM",3.3045859,"F","AMB","AMB","English",0,"","CP","A","SHARING","Set-matching","2",4,"11","0","0","","CP","Small"
"213","112119-ZM",3.3045859,"F","AMB","AMB","English",0,"","CP","A","SHARING","Set-matching","3",10,"15","0","0","","CP","Large"
"214","112119-ZM",3.3045859,"F","AMB","AMB","English",0,"","CP","A","SHARING","Set-matching","4",6,"8","0","0","","CP","Large"
"215","112119-ZM",3.3045859,"F","AMB","AMB","English",0,"","CP","A","SHARING","Set-matching","5",8,"17","0","0","","CP","Large"
"216","112119-RM",4.254620123,"M","AMB","AMB","English",0,"","CP","A","SHARING","Set-matching","1",3,"3","1","0","","CP","Small"
"217","112119-RM",4.254620123,"M","AMB","AMB","English",0,"","CP","A","SHARING","Set-matching","2",4,"4","1","0","","CP","Small"
"218","112119-RM",4.254620123,"M","AMB","AMB","English",0,"","CP","A","SHARING","Set-matching","3",10,"15","0","0","","CP","Large"
"219","112119-RM",4.254620123,"M","AMB","AMB","English",0,"","CP","A","SHARING","Set-matching","4",6,"14","0","0","","CP","Large"
"220","112119-RM",4.254620123,"M","AMB","AMB","English",0,"","CP","A","SHARING","Set-matching","5",8,"11","0","0","","CP","Large"
"221","112619-NM",4.353182752,"M","AMB","AMB","English",0,"","CP","A","SHARING","Set-matching","1",3,"8","0","0","","CP","Small"
"222","112619-NM",4.353182752,"M","AMB","AMB","English",0,"","CP","A","SHARING","Set-matching","2",4,"4","1","0","","CP","Small"
"223","112619-NM",4.353182752,"M","AMB","AMB","English",0,"","CP","A","SHARING","Set-matching","3",10,"12","0","0","","CP","Large"
"224","112619-NM",4.353182752,"M","AMB","AMB","English",0,"","CP","A","SHARING","Set-matching","4",6,"9","0","0","","CP","Large"
"225","112619-NM",4.353182752,"M","AMB","AMB","English",0,"","CP","A","SHARING","Set-matching","5",8,"13","0","0","","CP","Large"
"226","112619-NiM",4.216290212,"F","AMB","AMB","English",0,"","CP","A","SHARING","Set-matching","1",3,"3","1","0","","CP","Small"
"227","112619-NiM",4.216290212,"F","AMB","AMB","English",0,"","CP","A","SHARING","Set-matching","2",4,"4","1","0","","CP","Small"
"228","112619-NiM",4.216290212,"F","AMB","AMB","English",0,"","CP","A","SHARING","Set-matching","3",10,"9","0","0","","CP","Large"
"229","112619-NiM",4.216290212,"F","AMB","AMB","English",0,"","CP","A","SHARING","Set-matching","4",6,"6","1","0","","CP","Large"
"230","112619-NiM",4.216290212,"F","AMB","AMB","English",0,"","CP","A","SHARING","Set-matching","5",8,"8","1","0","","CP","Large"
"231","112619-LG",4.169746749,"M","AMB","AMB","English",0,"","CP","A","SHARING","Set-matching","1",3,"3","1","0","","CP","Small"
"232","112619-LG",4.169746749,"M","AMB","AMB","English",0,"","CP","A","SHARING","Set-matching","2",4,"4","1","0","","CP","Small"
"233","112619-LG",4.169746749,"M","AMB","AMB","English",0,"","CP","A","SHARING","Set-matching","3",10,"8","0","0","","CP","Large"
"234","112619-LG",4.169746749,"M","AMB","AMB","English",0,"","CP","A","SHARING","Set-matching","4",6,"5","0","0","","CP","Large"
"235","112619-LG",4.169746749,"M","AMB","AMB","English",0,"","CP","A","SHARING","Set-matching","5",8,"5","0","0","","CP","Large"
"236","112619-AS",4.057494867,"F","AMB","AMB","English",0,"","4","A","SHARING","Set-matching","1",3,"3","1","0","","Subset","Small"
"237","112619-AS",4.057494867,"F","AMB","AMB","English",0,"","4","A","SHARING","Set-matching","2",4,"4","1","0","","Subset","Small"
"238","112619-AS",4.057494867,"F","AMB","AMB","English",0,"","4","A","SHARING","Set-matching","3",10,"11","0","0","","Subset","Large"
"239","112619-AS",4.057494867,"F","AMB","AMB","English",0,"","4","A","SHARING","Set-matching","4",6,"13","0","0","","Subset","Large"
"240","112619-AS",4.057494867,"F","AMB","AMB","English",0,"","4","A","SHARING","Set-matching","5",8,"13","0","0","","Subset","Large"
"241","121519-GG",3.854893908,"F","LAK","LAK","English",0,"","CP","A","SHARING","Set-matching","1",3,"3","1","0","","CP","Small"
"242","121519-GG",3.854893908,"F","LAK","LAK","English",0,"","CP","A","SHARING","Set-matching","2",4,"3","0","0","","CP","Small"
"243","121519-GG",3.854893908,"F","LAK","LAK","English",0,"","CP","A","SHARING","Set-matching","3",10,"6","0","0","","CP","Large"
"244","121519-GG",3.854893908,"F","LAK","LAK","English",0,"","CP","A","SHARING","Set-matching","4",6,"5","0","0","","CP","Large"
"245","121519-GG",3.854893908,"F","LAK","LAK","English",0,"","CP","A","SHARING","Set-matching","5",8,"7","0","0","","CP","Large"
"246","11220-I",4.249144422,"F","OM","OM","English",0,"","CP","B","SHARING","Set-matching","1",4,"4","1","0","","CP","Small"
"247","11220-I",4.249144422,"F","OM","OM","English",0,"","CP","B","SHARING","Set-matching","2",3,"3","1","0","","CP","Small"
"248","11220-I",4.249144422,"F","OM","OM","English",0,"","CP","B","SHARING","Set-matching","3",8,"8","1","0","","CP","Large"
"249","11220-I",4.249144422,"F","OM","OM","English",0,"","CP","B","SHARING","Set-matching","4",6,"8","0","0","","CP","Large"
"250","11220-I",4.249144422,"F","OM","OM","English",0,"","CP","B","SHARING","Set-matching","5",10,"10","1","0","","CP","Large"
"251","11220-B (no video)",4.944558522,"M","OM","OM","English",0,"","CP","A","SHARING","Set-matching","1",3,"3","1","0","","CP","Small"
"252","11220-B (no video)",4.944558522,"M","OM","OM","English",0,"","CP","A","SHARING","Set-matching","2",4,"4","1","0","","CP","Small"
"253","11220-B (no video)",4.944558522,"M","OM","OM","English",0,"","CP","A","SHARING","Set-matching","3",10,"10","1","0","","CP","Large"
"254","11220-B (no video)",4.944558522,"M","OM","OM","English",0,"","CP","A","SHARING","Set-matching","4",6,"6","1","0","","CP","Large"
"255","11220-B (no video)",4.944558522,"M","OM","OM","English",0,"","CP","A","SHARING","Set-matching","5",8,"8","1","0","","CP","Large"
"256","11920-NP",3.071868583,"F","LAK","LAK","English",0,"","2","A","SHARING","Set-matching","1",3,"2","0","0","","Subset","Small"
"257","11920-NP",3.071868583,"F","LAK","LAK","English",0,"","2","A","SHARING","Set-matching","2",4,"2","0","0","","Subset","Small"
"258","11920-NP",3.071868583,"F","LAK","LAK","English",0,"","2","A","SHARING","Set-matching","3",10,"9","0","0","","Subset","Large"
"259","11920-NP",3.071868583,"F","LAK","LAK","English",0,"","2","A","SHARING","Set-matching","4",6,"2","0","0","","Subset","Large"
"260","11920-NP",3.071868583,"F","LAK","LAK","English",0,"","2","A","SHARING","Set-matching","5",8,"9","0","0","","Subset","Large"
"261","11920-G",3.296372348,"M","LAK","LAK","English",0,"","CP","B","SHARING","Set-matching","1",4,"4","1","0","","CP","Small"
"262","11920-G",3.296372348,"M","LAK","LAK","English",0,"","CP","B","SHARING","Set-matching","2",3,"3","1","0","","CP","Small"
"263","11920-G",3.296372348,"M","LAK","LAK","English",0,"","CP","B","SHARING","Set-matching","3",8,"7","0","0","","CP","Large"
"264","11920-G",3.296372348,"M","LAK","LAK","English",0,"","CP","B","SHARING","Set-matching","4",6,"10","0","0","","CP","Large"
"265","11920-G",3.296372348,"M","LAK","LAK","English",0,"","CP","B","SHARING","Set-matching","5",10,"10","1","0","","CP","Large"
"266","11920-R",4.692676249,"M","OM","OM","English",0,"","CP","A","SHARING","Set-matching","1",3,"3","1","0","","CP","Small"
"267","11920-R",4.692676249,"M","OM","OM","English",0,"","CP","A","SHARING","Set-matching","2",4,"5","0","0","","CP","Small"
"268","11920-R",4.692676249,"M","OM","OM","English",0,"","CP","A","SHARING","Set-matching","3",10,"11","0","0","","CP","Large"
"269","11920-R",4.692676249,"M","OM","OM","English",0,"","CP","A","SHARING","Set-matching","4",6,"6","1","0","","CP","Large"
"270","11920-R",4.692676249,"M","OM","OM","English",0,"","CP","A","SHARING","Set-matching","5",8,"8","1","0","","CP","Large"
"271","12620-Z",4.531143053,"F","OM","OM","English",0,"","CP","A","SHARING","Set-matching","1",3,"3","1","0","","CP","Small"
"272","12620-Z",4.531143053,"F","OM","OM","English",0,"","CP","A","SHARING","Set-matching","2",4,"4","1","0","","CP","Small"
"273","12620-Z",4.531143053,"F","OM","OM","English",0,"","CP","A","SHARING","Set-matching","3",10,"12","0","0","","CP","Large"
"274","12620-Z",4.531143053,"F","OM","OM","English",0,"","CP","A","SHARING","Set-matching","4",6,"8","0","0","","CP","Large"
"275","12620-Z",4.531143053,"F","OM","OM","English",0,"","CP","A","SHARING","Set-matching","5",8,"8","1","0","","CP","Large"
"276","12620-J",3.953456537,"M","OM","OM","English",0,"","5","B","SHARING","Set-matching","1",4,"4","1","0","","Subset","Small"
"277","12620-J",3.953456537,"M","OM","OM","English",0,"","5","B","SHARING","Set-matching","2",3,"13","0","0","","Subset","Small"
"278","12620-J",3.953456537,"M","OM","OM","English",0,"","5","B","SHARING","Set-matching","3",8,"13","0","0","","Subset","Large"
"279","12620-J",3.953456537,"M","OM","OM","English",0,"","5","B","SHARING","Set-matching","4",6,"13","0","0","","Subset","Large"
"280","12620-J",3.953456537,"M","OM","OM","English",0,"","5","B","SHARING","Set-matching","5",10,"13","0","0","","Subset","Large"
"281","12620-H",4.41615332,"F","OM","OM","English",0,"","CP","A","SHARING","Set-matching","1",3,"3","1","0","","CP","Small"
"282","12620-H",4.41615332,"F","OM","OM","English",0,"","CP","A","SHARING","Set-matching","2",4,"4","1","0","","CP","Small"
"283","12620-H",4.41615332,"F","OM","OM","English",0,"","CP","A","SHARING","Set-matching","3",10,"13","0","0","","CP","Large"
"284","12620-H",4.41615332,"F","OM","OM","English",0,"","CP","A","SHARING","Set-matching","4",6,"8","0","0","","CP","Large"
"285","12620-H",4.41615332,"F","OM","OM","English",0,"","CP","A","SHARING","Set-matching","5",8,"13","0","0","","CP","Large"
"286","12620-H2",3.989048597,"F","OM","OM","English",0,"","CP","A","SHARING","Set-matching","1",3,"3","1","0","","CP","Small"
"287","12620-H2",3.989048597,"F","OM","OM","English",0,"","CP","A","SHARING","Set-matching","2",4,"2","0","0","","CP","Small"
"288","12620-H2",3.989048597,"F","OM","OM","English",0,"","CP","A","SHARING","Set-matching","3",10,"13","0","0","","CP","Large"
"289","12620-H2",3.989048597,"F","OM","OM","English",0,"","CP","A","SHARING","Set-matching","4",6,"5","0","0","","CP","Large"
"290","12620-H2",3.989048597,"F","OM","OM","English",0,"","CP","A","SHARING","Set-matching","5",8,"8","1","0","","CP","Large"
"291","12620-L",4.076659822,"F","OM","OM","English",0,"","4","B","SHARING","Set-matching","1",4,"4","1","0","","Subset","Small"
"292","12620-L",4.076659822,"F","OM","OM","English",0,"","4","B","SHARING","Set-matching","2",3,"5","0","0","","Subset","Small"
"293","12620-L",4.076659822,"F","OM","OM","English",0,"","4","B","SHARING","Set-matching","3",8,"13","0","0","","Subset","Large"
"294","12620-L",4.076659822,"F","OM","OM","English",0,"","4","B","SHARING","Set-matching","4",6,"13","0","0","","Subset","Large"
"295","12620-L",4.076659822,"F","OM","OM","English",0,"","4","B","SHARING","Set-matching","5",10,"11","0","0","","Subset","Large"
"296","2220-A",3.832991102,"F","OM","OM","English",0,"","CP","A","SHARING","Set-matching","1",3,"3","1","0","","CP","Small"
"297","2220-A",3.832991102,"F","OM","OM","English",0,"","CP","A","SHARING","Set-matching","2",4,"4","1","0","","CP","Small"
"298","2220-A",3.832991102,"F","OM","OM","English",0,"","CP","A","SHARING","Set-matching","3",10,"9","0","0","","CP","Large"
"299","2220-A",3.832991102,"F","OM","OM","English",0,"","CP","A","SHARING","Set-matching","4",6,"5","0","0","","CP","Large"
"300","2220-A",3.832991102,"F","OM","OM","English",0,"","CP","A","SHARING","Set-matching","5",8,"8","1","0","","CP","Large"
"301","2220-I",4.928131417,"M","OM","OM","English",0,"","CP","B","SHARING","Set-matching","1",4,"4","1","0","","CP","Small"
"302","2220-I",4.928131417,"M","OM","OM","English",0,"","CP","B","SHARING","Set-matching","2",3,"3","1","0","","CP","Small"
"303","2220-I",4.928131417,"M","OM","OM","English",0,"","CP","B","SHARING","Set-matching","3",8,"7","0","0","","CP","Large"
"304","2220-I",4.928131417,"M","OM","OM","English",0,"","CP","B","SHARING","Set-matching","4",6,"6","1","0","","CP","Large"
"305","2220-I",4.928131417,"M","OM","OM","English",0,"","CP","B","SHARING","Set-matching","5",10,"11","0","0","","CP","Large"
"306","2220-P",3.214236824,"F","OM","OM","English",0,"","CP","A","SHARING","Set-matching","1",3,"3","1","0","","CP","Small"
"307","2220-P",3.214236824,"F","OM","OM","English",0,"","CP","A","SHARING","Set-matching","2",4,"2","0","0","","CP","Small"
"308","2220-P",3.214236824,"F","OM","OM","English",0,"","CP","A","SHARING","Set-matching","3",10,"13","0","0","","CP","Large"
"309","2220-P",3.214236824,"F","OM","OM","English",0,"","CP","A","SHARING","Set-matching","4",6,"13","0","0","","CP","Large"
"310","2220-P",3.214236824,"F","OM","OM","English",0,"","CP","A","SHARING","Set-matching","5",8,"9","0","0","","CP","Large"
"311","020520-JB",3.61670089,"F","EL","EL","English",0,"","1","B","SHARING","Set-matching","1",4,"8","0","0","","Subset","Small"
"312","020520-JB",3.61670089,"F","EL","EL","English",0,"","1","B","SHARING","Set-matching","2",3,"11","0","0","","Subset","Small"
"313","020520-JB",3.61670089,"F","EL","EL","English",0,"","1","B","SHARING","Set-matching","3",8,"15","0","0","","Subset","Large"
"314","020520-JB",3.61670089,"F","EL","EL","English",0,"","1","B","SHARING","Set-matching","4",6,"9","0","0","","Subset","Large"
"315","020520-JB",3.61670089,"F","EL","EL","English",0,"","1","B","SHARING","Set-matching","5",10,"15","0","0","","Subset","Large"
"316","020520-AM",3.712525667,"F","EL","EL","English",0,"","0","A","SHARING","Set-matching","1",3,"3","1","0","","Subset","Small"
"317","020520-AM",3.712525667,"F","EL","EL","English",0,"","0","A","SHARING","Set-matching","2",4,"5","0","0","","Subset","Small"
"318","020520-AM",3.712525667,"F","EL","EL","English",0,"","0","A","SHARING","Set-matching","3",10,"12","0","0","","Subset","Large"
"319","020520-AM",3.712525667,"F","EL","EL","English",0,"","0","A","SHARING","Set-matching","4",6,"13","0","0","","Subset","Large"
"320","020520-AM",3.712525667,"F","EL","EL","English",0,"","0","A","SHARING","Set-matching","5",8,"15","0","0","","Subset","Large"
"321","020520-EM",3.704312115,"M","EL","EL","English",0,"","0","B","SHARING","Set-matching","1",4,"4","1","0","","Subset","Small"
"322","020520-EM",3.704312115,"M","EL","EL","English",0,"","0","B","SHARING","Set-matching","2",3,"3","1","0","","Subset","Small"
"323","020520-EM",3.704312115,"M","EL","EL","English",0,"","0","B","SHARING","Set-matching","3",8,"5","0","0","","Subset","Large"
"324","020520-EM",3.704312115,"M","EL","EL","English",0,"","0","B","SHARING","Set-matching","4",6,"6","1","0","","Subset","Large"
"325","020520-EM",3.704312115,"M","EL","EL","English",0,"","0","B","SHARING","Set-matching","5",10,"6","0","0","","Subset","Large"
"326","020520-DE",3.808350445,"M","EL","EL","English",0,"","3","A","SHARING","Set-matching","1",3,"3","1","0","","Subset","Small"
"327","020520-DE",3.808350445,"M","EL","EL","English",0,"","3","A","SHARING","Set-matching","2",4,"4","1","0","","Subset","Small"
"328","020520-DE",3.808350445,"M","EL","EL","English",0,"","3","A","SHARING","Set-matching","3",10,"10","1","0","","Subset","Large"
"329","020520-DE",3.808350445,"M","EL","EL","English",0,"","3","A","SHARING","Set-matching","4",6,"7","0","0","","Subset","Large"
"330","020520-DE",3.808350445,"M","EL","EL","English",0,"","3","A","SHARING","Set-matching","5",8,"8","1","0","","Subset","Large"
"331","020520-EMH",4.030116359,"F","EL","EL","English",0,"","1","B","SHARING","Set-matching","1",4,"5","0","0","","Subset","Small"
"332","020520-EMH",4.030116359,"F","EL","EL","English",0,"","1","B","SHARING","Set-matching","2",3,"3","1","0","","Subset","Small"
"333","020520-EMH",4.030116359,"F","EL","EL","English",0,"","1","B","SHARING","Set-matching","3",8,"4","0","0","","Subset","Large"
"334","020520-EMH",4.030116359,"F","EL","EL","English",0,"","1","B","SHARING","Set-matching","4",6,"5","0","0","","Subset","Large"
"335","020520-EMH",4.030116359,"F","EL","EL","English",0,"","1","B","SHARING","Set-matching","5",10,"9","0","0","","Subset","Large"
"336","020520-JB2",3.195071869,"M","EL","EL","English",0,"","3","B","SHARING","Set-matching","1",4,"6","0","0","","Subset","Small"
"337","020520-JB2",3.195071869,"M","EL","EL","English",0,"","3","B","SHARING","Set-matching","2",3,"3","1","0","","Subset","Small"
"338","020520-JB2",3.195071869,"M","EL","EL","English",0,"","3","B","SHARING","Set-matching","3",8,"13","0","0","","Subset","Large"
"339","020520-JB2",3.195071869,"M","EL","EL","English",0,"","3","B","SHARING","Set-matching","4",6,"8","0","0","","Subset","Large"
"340","020520-JB2",3.195071869,"M","EL","EL","English",0,"","3","B","SHARING","Set-matching","5",10,"13","0","0","","Subset","Large"
"341","020520-DL",3.956194387,"M","EL","EL","English",0,"","1","A","SHARING","Set-matching","1",3,"8","0","0","","Subset","Small"
"342","020520-DL",3.956194387,"M","EL","EL","English",0,"","1","A","SHARING","Set-matching","2",4,"8","0","0","","Subset","Small"
"343","020520-DL",3.956194387,"M","EL","EL","English",0,"","1","A","SHARING","Set-matching","3",10,"8","0","0","","Subset","Large"
"344","020520-DL",3.956194387,"M","EL","EL","English",0,"","1","A","SHARING","Set-matching","4",6,"8","0","0","","Subset","Large"
"345","020520-DL",3.956194387,"M","EL","EL","English",0,"","1","A","SHARING","Set-matching","5",8,"15","0","0","","Subset","Large"
"346","020520-JZ",3.865845311,"F","EL","EL","English",0,"","1","A","SHARING","Set-matching","1",3,"4","0","0","","Subset","Small"
"347","020520-JZ",3.865845311,"F","EL","EL","English",0,"","1","A","SHARING","Set-matching","2",4,"5","0","0","","Subset","Small"
"348","020520-JZ",3.865845311,"F","EL","EL","English",0,"","1","A","SHARING","Set-matching","3",10,"8","0","0","","Subset","Large"
"349","020520-JZ",3.865845311,"F","EL","EL","English",0,"","1","A","SHARING","Set-matching","4",6,"9","0","0","","Subset","Large"
"350","020520-JZ",3.865845311,"F","EL","EL","English",0,"","1","A","SHARING","Set-matching","5",8,"8","1","0","","Subset","Large"
"351","020520-SJ",3.978097194,"F","EL","EL","English",0,"","0","B","SHARING","Set-matching","1",4,"5","0","0","","Subset","Small"
"352","020520-SJ",3.978097194,"F","EL","EL","English",0,"","0","B","SHARING","Set-matching","2",3,"4","0","0","","Subset","Small"
"353","020520-SJ",3.978097194,"F","EL","EL","English",0,"","0","B","SHARING","Set-matching","3",8,"8","1","0","","Subset","Large"
"354","020520-SJ",3.978097194,"F","EL","EL","English",0,"","0","B","SHARING","Set-matching","4",6,"9","0","0","","Subset","Large"
"355","020520-SJ",3.978097194,"F","EL","EL","English",0,"","0","B","SHARING","Set-matching","5",10,"10","1","0","","Subset","Large"
"356","020520-AM",3.712525667,"F","EL","EL","English",0,"","0","A","SHARING","Set-matching","1",3,"3","1","0","","Subset","Small"
"357","020520-AM",3.712525667,"F","EL","EL","English",0,"","0","A","SHARING","Set-matching","2",4,"5","0","0","","Subset","Small"
"358","020520-AM",3.712525667,"F","EL","EL","English",0,"","0","A","SHARING","Set-matching","3",10,"12","0","0","","Subset","Large"
"359","020520-AM",3.712525667,"F","EL","EL","English",0,"","0","A","SHARING","Set-matching","4",6,"13","0","0","","Subset","Large"
"360","020520-AM",3.712525667,"F","EL","EL","English",0,"","0","A","SHARING","Set-matching","5",8,"15","0","0","","Subset","Large"
"361","020520-EC",4.717316906,"F","EL","EL","English",0,"","CP","A","SHARING","Set-matching","1",3,"3","1","0","","CP","Small"
"362","020520-EC",4.717316906,"F","EL","EL","English",0,"","CP","A","SHARING","Set-matching","2",4,"4","1","0","","CP","Small"
"363","020520-EC",4.717316906,"F","EL","EL","English",0,"","CP","A","SHARING","Set-matching","3",10,"12","0","0","","CP","Large"
"364","020520-EC",4.717316906,"F","EL","EL","English",0,"","CP","A","SHARING","Set-matching","4",6,"7","0","0","","CP","Large"
"365","020520-EC",4.717316906,"F","EL","EL","English",0,"","CP","A","SHARING","Set-matching","5",8,"9","0","0","","CP","Large"
"366","020520-AS",5.002053388,"F","EL","EL","English",0,"","CP","B","SHARING","Set-matching","1",4,"4","1","0","","CP","Small"
"367","020520-AS",5.002053388,"F","EL","EL","English",0,"","CP","B","SHARING","Set-matching","2",3,"3","1","0","","CP","Small"
"368","020520-AS",5.002053388,"F","EL","EL","English",0,"","CP","B","SHARING","Set-matching","3",8,"9","0","0","","CP","Large"
"369","020520-AS",5.002053388,"F","EL","EL","English",0,"","CP","B","SHARING","Set-matching","4",6,"7","0","0","","CP","Large"
"370","020520-AS",5.002053388,"F","EL","EL","English",0,"","CP","B","SHARING","Set-matching","5",10,"8","0","0","","CP","Large"
"371","020720-Q",4.922655715,"F","LAK","LAK","English",0,"","CP","A","SHARING","Set-matching","1",3,"3","1","0","","CP","Small"
"372","020720-Q",4.922655715,"F","LAK","LAK","English",0,"","CP","A","SHARING","Set-matching","2",4,"5","0","0","","CP","Small"
"373","020720-Q",4.922655715,"F","LAK","LAK","English",0,"","CP","A","SHARING","Set-matching","3",10,"8","0","0","","CP","Large"
"374","020720-Q",4.922655715,"F","LAK","LAK","English",0,"","CP","A","SHARING","Set-matching","4",6,"5","0","0","","CP","Large"
"375","020720-Q",4.922655715,"F","LAK","LAK","English",0,"","CP","A","SHARING","Set-matching","5",8,"5","0","0","","CP","Large"
"376","020720-J",4.328542094,"M","LAK","LAK","English",0,"","CP","B","SHARING","Set-matching","1",4,"4","1","0","","CP","Small"
"377","020720-J",4.328542094,"M","LAK","LAK","English",0,"","CP","B","SHARING","Set-matching","2",3,"3","1","0","","CP","Small"
"378","020720-J",4.328542094,"M","LAK","LAK","English",0,"","CP","B","SHARING","Set-matching","3",8,"9","0","0","","CP","Large"
"379","020720-J",4.328542094,"M","LAK","LAK","English",0,"","CP","B","SHARING","Set-matching","4",6,"8","0","0","","CP","Large"
"380","020720-J",4.328542094,"M","LAK","LAK","English",0,"","CP","B","SHARING","Set-matching","5",10,"12","0","0","","CP","Large"
"381","020720-T",3.956194387,"M","LAK","LAK","English",0,"","CP","B","SHARING","Set-matching","1",4,"4","1","0","","CP","Small"
"382","020720-T",3.956194387,"M","LAK","LAK","English",0,"","CP","B","SHARING","Set-matching","2",3,"3","1","0","","CP","Small"
"383","020720-T",3.956194387,"M","LAK","LAK","English",0,"","CP","B","SHARING","Set-matching","3",8,"8","1","0","","CP","Large"
"384","020720-T",3.956194387,"M","LAK","LAK","English",0,"","CP","B","SHARING","Set-matching","4",6,"6","1","0","","CP","Large"
"385","020720-T",3.956194387,"M","LAK","LAK","English",0,"","CP","B","SHARING","Set-matching","5",10,"9","0","0","","CP","Large"
"386","020720-T2",4.438056126,"M","LAK","LAK","English",0,"","CP","A","SHARING","Set-matching","1",3,"3","1","0","","CP","Small"
"387","020720-T2",4.438056126,"M","LAK","LAK","English",0,"","CP","A","SHARING","Set-matching","2",4,"4","1","0","","CP","Small"
"388","020720-T2",4.438056126,"M","LAK","LAK","English",0,"","CP","A","SHARING","Set-matching","3",10,"10","1","0","","CP","Large"
"389","020720-T2",4.438056126,"M","LAK","LAK","English",0,"","CP","A","SHARING","Set-matching","4",6,"6","1","0","","CP","Large"
"390","020720-T2",4.438056126,"M","LAK","LAK","English",0,"","CP","A","SHARING","Set-matching","5",8,"7","0","0","","CP","Large"
"391","020720-K",5.081451061,"M","LAK","LAK","English",0,"","CP","B","SHARING","Set-matching","1",4,"4","1","0","","CP","Small"
"392","020720-K",5.081451061,"M","LAK","LAK","English",0,"","CP","B","SHARING","Set-matching","2",3,"3","1","0","","CP","Small"
"393","020720-K",5.081451061,"M","LAK","LAK","English",0,"","CP","B","SHARING","Set-matching","3",8,"10","0","0","","CP","Large"
"394","020720-K",5.081451061,"M","LAK","LAK","English",0,"","CP","B","SHARING","Set-matching","4",6,"6","1","0","","CP","Large"
"395","020720-K",5.081451061,"M","LAK","LAK","English",0,"","CP","B","SHARING","Set-matching","5",10,"9","0","0","","CP","Large"
"396","020720-E",4.648870637,"F","LAK","LAK","English",0,"","CP","A","SHARING","Set-matching","1",3,"3","1","0","","CP","Small"
"397","020720-E",4.648870637,"F","LAK","LAK","English",0,"","CP","A","SHARING","Set-matching","2",4,"4","1","0","","CP","Small"
"398","020720-E",4.648870637,"F","LAK","LAK","English",0,"","CP","A","SHARING","Set-matching","3",10,"9","0","0","","CP","Large"
"399","020720-E",4.648870637,"F","LAK","LAK","English",0,"","CP","A","SHARING","Set-matching","4",6,"8","0","0","","CP","Large"
"400","020720-E",4.648870637,"F","LAK","LAK","English",0,"","CP","A","SHARING","Set-matching","5",8,"8","1","0","","CP","Large"
"401","020720-JO",4.065708419,"M","AMB","AMB","English",0,"","4","A","SHARING","Set-matching","1",3,"6","0","0","","Subset","Small"
"402","020720-JO",4.065708419,"M","AMB","AMB","English",0,"","4","A","SHARING","Set-matching","2",4,"9","0","0","","Subset","Small"
"403","020720-JO",4.065708419,"M","AMB","AMB","English",0,"","4","A","SHARING","Set-matching","3",10,"15","0","0","","Subset","Large"
"404","020720-JO",4.065708419,"M","AMB","AMB","English",0,"","4","A","SHARING","Set-matching","4",6,"15","0","0","","Subset","Large"
"405","020720-JO",4.065708419,"M","AMB","AMB","English",0,"","4","A","SHARING","Set-matching","5",8,"12","0","0","","Subset","Large"
"406","020720-AM",3.956194387,"F","AMB","AMB","English",0,"","2","A","SHARING","Set-matching","1",3,"1","0","0","","Subset","Small"
"407","020720-AM",3.956194387,"F","AMB","AMB","English",0,"","2","A","SHARING","Set-matching","2",4,"8","0","0","","Subset","Small"
"408","020720-AM",3.956194387,"F","AMB","AMB","English",0,"","2","A","SHARING","Set-matching","3",10,"14","0","0","","Subset","Large"
"409","020720-AM",3.956194387,"F","AMB","AMB","English",0,"","2","A","SHARING","Set-matching","4",6,"9","0","0","","Subset","Large"
"410","020720-AM",3.956194387,"F","AMB","AMB","English",0,"","2","A","SHARING","Set-matching","5",8,"12","0","0","","Subset","Large"
"411","020720-LM",4.065708419,"M","AMB","AMB","English",0,"","5","A","SHARING","Set-matching","1",3,"3","1","0","","Subset","Small"
"412","020720-LM",4.065708419,"M","AMB","AMB","English",0,"","5","A","SHARING","Set-matching","2",4,"4","1","0","","Subset","Small"
"413","020720-LM",4.065708419,"M","AMB","AMB","English",0,"","5","A","SHARING","Set-matching","3",10,"13","0","0","","Subset","Large"
"414","020720-LM",4.065708419,"M","AMB","AMB","English",0,"","5","A","SHARING","Set-matching","4",6,"13","0","0","","Subset","Large"
"415","020720-LM",4.065708419,"M","AMB","AMB","English",0,"","5","A","SHARING","Set-matching","5",8,"13","0","0","","Subset","Large"
"416","020720-TS",3.956194387,"F","AMB","AMB","English",0,"","3","A","SHARING","Set-matching","1",3,"4","0","0","","Subset","Small"
"417","020720-TS",3.956194387,"F","AMB","AMB","English",0,"","3","A","SHARING","Set-matching","2",4,"3","0","0","","Subset","Small"
"418","020720-TS",3.956194387,"F","AMB","AMB","English",0,"","3","A","SHARING","Set-matching","3",10,"7","0","0","","Subset","Large"
"419","020720-TS",3.956194387,"F","AMB","AMB","English",0,"","3","A","SHARING","Set-matching","4",6,"11","0","0","","Subset","Large"
"420","020720-TS",3.956194387,"F","AMB","AMB","English",0,"","3","A","SHARING","Set-matching","5",8,"11","0","0","","Subset","Large"
"421","020720-CVC",5.453798768,"M","AMB","AMB","English",0,"","CP","A","SHARING","Set-matching","1",3,"3","1","0","","CP","Small"
"422","020720-CVC",5.453798768,"M","AMB","AMB","English",0,"","CP","A","SHARING","Set-matching","2",4,"4","1","0","","CP","Small"
"423","020720-CVC",5.453798768,"M","AMB","AMB","English",0,"","CP","A","SHARING","Set-matching","3",10,"9","0","0","","CP","Large"
"424","020720-CVC",5.453798768,"M","AMB","AMB","English",0,"","CP","A","SHARING","Set-matching","4",6,"6","1","0","","CP","Large"
"425","020720-CVC",5.453798768,"M","AMB","AMB","English",0,"","CP","A","SHARING","Set-matching","5",8,"8","1","0","","CP","Large"
"426","020720-SJ",4.34770705,"M","AMB","AMB","English",0,"","CP","A","SHARING","Set-matching","1",3,"3","1","0","","CP","Small"
"427","020720-SJ",4.34770705,"M","AMB","AMB","English",0,"","CP","A","SHARING","Set-matching","2",4,"4","1","0","","CP","Small"
"428","020720-SJ",4.34770705,"M","AMB","AMB","English",0,"","CP","A","SHARING","Set-matching","3",10,"12","0","0","","CP","Large"
"429","020720-SJ",4.34770705,"M","AMB","AMB","English",0,"","CP","A","SHARING","Set-matching","4",6,"11","0","0","","CP","Large"
"430","020720-SJ",4.34770705,"M","AMB","AMB","English",0,"","CP","A","SHARING","Set-matching","5",8,"12","0","0","","CP","Large"
"431","020720-PT",4.640657084,"F","AMB","AMB","English",0,"","CP","A","SHARING","Set-matching","1",3,"3","1","0","","CP","Small"
"432","020720-PT",4.640657084,"F","AMB","AMB","English",0,"","CP","A","SHARING","Set-matching","2",4,"4","1","0","","CP","Small"
"433","020720-PT",4.640657084,"F","AMB","AMB","English",0,"","CP","A","SHARING","Set-matching","3",10,"10","1","0","","CP","Large"
"434","020720-PT",4.640657084,"F","AMB","AMB","English",0,"","CP","A","SHARING","Set-matching","4",6,"6","1","0","","CP","Large"
"435","020720-PT",4.640657084,"F","AMB","AMB","English",0,"","CP","A","SHARING","Set-matching","5",8,"8","1","0","","CP","Large"
